Nome,Citta,Indirizzo,Telefono,Email,Categoria,Motivo,Recensioni,Demo URL,WhatsApp link,Email link,Inviato
Accorsini Alberto & C. Sas,Parma PR,"Via Buffolara, 104/B, 43126 Parma PR",0521 986485,,SENZA SITO,nessun sito,158,https://mirondavide.com/autofficine/accorsini-alberto-c-sas/,,,
Acerbi Pneumatici - Centro SuperService,Parma PR,"Via Antonio Cerati, 5, 43126 Parma PR",0521 293794,,SENZA SITO,nessun sito,156,https://mirondavide.com/autofficine/acerbi-pneumatici-centro-superservice/,,,
Bardiani Pneumatici - Centro SuperService,Parma PR,"Via Worms, 9/A, 43100 Parma PR",0521 241090,,SENZA SITO,nessun sito,151,https://mirondavide.com/autofficine/bardiani-pneumatici-centro-superservice/,,,
C.a.v.i.,Parma PR,"Via Emilia Ovest, 119/A, 43126 Parma PR",0521 671164,,SENZA SITO,nessun sito,149,https://mirondavide.com/autofficine/c-a-v-i/,,,
Officina Spaggiari,Parma PR,"Via Mantova, 107, 43122 Parma PR",0521 772750,,SENZA SITO,nessun sito,140,https://mirondavide.com/autofficine/officina-spaggiari/,,,
Sarti Punto Gomme,Traversetolo PR,"Via Bora, 3/M, 43029 Traversetolo PR",0521 841625,,SENZA SITO,nessun sito,136,https://mirondavide.com/autofficine/sarti-punto-gomme/,,,
Il Gommista,Romitaggio PR,"Quartiere Romitaggio, 11, 43010 Romitaggio PR",392 575 9380,,SENZA SITO,nessun sito,133,https://mirondavide.com/autofficine/il-gommista/,,,
Montani Sergio,Parma PR,"Via Benedetta, 8, 43122 Parma PR",0521 784414,,SENZA SITO,nessun sito,125,https://mirondavide.com/autofficine/montani-sergio/,,,
Sarti Luigi Di Sarti Luca,Traversetolo PR,"Via Parma, 49, 43029 Traversetolo PR",0521 842996,,SENZA SITO,nessun sito,123,https://mirondavide.com/autofficine/sarti-luigi-di-sarti-luca/,,,
Autofficina Leone Pietro,Parma PR,"Via Scarabelli Zunti, 29, 43123 Parma PR",0521 486177,,SENZA SITO,nessun sito,119,https://mirondavide.com/autofficine/autofficina-leone-pietro/,,,
Autofficina Benecchi Di Benecchi Roberto,Parma PR,"Via Donatori di Sangue, 33, 43124 Parma PR",0521 630291,,SENZA SITO,nessun sito,114,https://mirondavide.com/autofficine/autofficina-benecchi-di-benecchi-roberto/,,,
Elettrauto Bettati Snc,Parma PR,"Via Henry Bedarida, 6, 43122 Parma PR",0521 781777,,SENZA SITO,nessun sito,102,https://mirondavide.com/autofficine/elettrauto-bettati-snc/,,,
Autofficina F.lli Vecchi S.n.c.,Parma PR,"Str. Baganzola, 108/1, 43126 Parma PR",0521 602295,,SENZA SITO,nessun sito,94,https://mirondavide.com/autofficine/autofficina-f-lli-vecchi-s-n-c/,,,
CARROZZERIA VINCAR S.R.L.,Collecchio PR,"Str. dei Notari, 1/A, 43044 Collecchio PR",0521 806244,,SENZA SITO,nessun sito,91,https://mirondavide.com/autofficine/carrozzeria-vincar-s-r-l/,,,
F.M. Auto Srl,Parma PR,"Via Cremonese, 26, 43126 Parma PR",0521 986676,,SENZA SITO,nessun sito,90,https://mirondavide.com/autofficine/f-m-auto-srl/,,,
Volta Luciano,Parma PR,"Via Francesco Barbacini, 16, 43122 Parma PR",0521 772445,,SENZA SITO,nessun sito,89,https://mirondavide.com/autofficine/volta-luciano/,,,
Autofficina P.L.,Parma PR,"Via Buffolara, 22/A, 43126 Parma PR",0521 983291,,SENZA SITO,nessun sito,81,https://mirondavide.com/autofficine/autofficina-p-l/,,,
Autofficina Elettrauto Olimpio Fabio,Parma PR,"Str. Baganzola, 187, 43126 Parma PR",0521 603054,,SENZA SITO,nessun sito,78,https://mirondavide.com/autofficine/autofficina-elettrauto-olimpio-fabio/,,,
Autocarrozzeria parma - Autocarrozzeria Moderna,Pilastrello PR,"Via Albert Bruce Sabin, 2, 43123 Pilastrello PR",0521 641245,,SENZA SITO,nessun sito,76,https://mirondavide.com/autofficine/autocarrozzeria-parma-autocarrozzeria-moderna/,,,
Centro Gomme di Grassi Tonino & C. snc,Parma PR,"Via Raffaele, Via Raffaele Tagliani, 10/A, 43122 Parma PR",0521 240894,,SENZA SITO,nessun sito,75,https://mirondavide.com/autofficine/centro-gomme-di-grassi-tonino-c-snc/,,,
Autofficina HOPE Srls,Sala Baganza PR,"Via Aldo Moro, 19a, 43038 Sala Baganza PR",0521 804352,,SENZA SITO,nessun sito,74,https://mirondavide.com/autofficine/autofficina-hope-srls/,,,
Carrozzeria Piemme,Parma PR,"Via Pietro Fainardi, 4/A, 43126 Parma PR",389 921 7280,,SENZA SITO,nessun sito,72,https://mirondavide.com/autofficine/carrozzeria-piemme/,https://wa.me/393899217280?text=Buongiorno%2C%0A%0Ami%20chiamo%20Davide%2C%20realizzo%20siti%20web%20per%20attivit%C3%A0%20locali.%0AHo%20creato%20un%20sito%20da%20zero%20per%20Piemme.%0AEccolo%3A%20https%3A//mirondavide.com/autofficine/carrozzeria-piemme/%0A%0ALavoro%20da%20solo%20%E2%80%94%20niente%20agenzie.%20Prezzo%20da%20%E2%82%AC500%2C%20consegna%20in%2072%20ore.%0A%0ASe%20vi%20interessa%2C%20possiamo%20sentirci%2010%20minuti%20%E2%80%94%20anche%20al%20telefono%20o%20passo%20di%20persona.%0A%0AUn%20saluto%2C%0ADavide%20%E2%80%94%20379%20210%206196,,
Carrozzeria Chiesa & Boiardi snc,Parma PR,"via Trieste 84/a entrata auto da, Via Henry Bedarida, 43122 Parma PR",0521 783731,,SENZA SITO,nessun sito,70,https://mirondavide.com/autofficine/carrozzeria-chiesa-boiardi-snc/,,,
Officina Meccanica Anzola,Parma PR,"Via Cristoforo Colombo, 28/A, 43122 Parma PR",0521 774225,,SENZA SITO,nessun sito,69,https://mirondavide.com/autofficine/officina-meccanica-anzola/,,,
Pneusrattini di Rattini Giancarlo (Pneumatici),Sorbolo PR,"Via XXV Aprile, 38, 43058 Sorbolo PR",0521 698897,,SENZA SITO,nessun sito,69,https://mirondavide.com/autofficine/pneusrattini-di-rattini-giancarlo-pneumatici/,,,
Autofficina Bottioni,Parma PR,"Via Francesco Crispi, 12 A, 43126 Parma PR",0521 156 2322,,SENZA SITO,nessun sito,68,https://mirondavide.com/autofficine/autofficina-bottioni/,,,
Autoriparazioni Rossi Alessando e C. Snc,Parma PR,"Via Mantova, 15/A, 43123 Parma PR",0521 884379,,SENZA SITO,nessun sito,63,https://mirondavide.com/autofficine/autoriparazioni-rossi-alessando-e-c-snc/,,,
Essepi Autoriparazioni,Parma PR,"Str. Langhirano, 130, 43124 Parma PR",353 410 2456,,SENZA SITO,nessun sito,62,https://mirondavide.com/autofficine/essepi-autoriparazioni/,https://wa.me/393534102456?text=Buongiorno%2C%0A%0Ami%20chiamo%20Davide%2C%20realizzo%20siti%20web%20per%20attivit%C3%A0%20locali.%0AHo%20creato%20un%20sito%20da%20zero%20per%20Essepi%20Autoriparazioni.%0AEccolo%3A%20https%3A//mirondavide.com/autofficine/essepi-autoriparazioni/%0A%0ALavoro%20da%20solo%20%E2%80%94%20niente%20agenzie.%20Prezzo%20da%20%E2%82%AC500%2C%20consegna%20in%2072%20ore.%0A%0ASe%20vi%20interessa%2C%20possiamo%20sentirci%2010%20minuti%20%E2%80%94%20anche%20al%20telefono%20o%20passo%20di%20persona.%0A%0AUn%20saluto%2C%0ADavide%20%E2%80%94%20379%20210%206196,,
Giovanelli Massimiliano,Parma PR,"Via Bettino Ricasoli, 5, 43126 Parma PR",0521 981205,,SENZA SITO,nessun sito,62,https://mirondavide.com/autofficine/giovanelli-massimiliano/,,,
Autofficina Robbiauto di Medici Roberto,Soragna PR,"Via Caduti 18 Marzo 1945, 54, 43019 Soragna PR",0524 597967,,SENZA SITO,nessun sito,62,https://mirondavide.com/autofficine/autofficina-robbiauto-di-medici-roberto/,,,
Carrozzeria Lauro,Parma PR,"Viale Antonio Fratti, 16, 43121 Parma PR",0521 772442,,SENZA SITO,nessun sito,62,https://mirondavide.com/autofficine/carrozzeria-lauro/,,,
Pneumax gomme,Sorbolo PR,"Via Cavaliere Sante Bertoluzzi, 29, 43058 Sorbolo PR",0521 698044,,SENZA SITO,nessun sito,62,https://mirondavide.com/autofficine/pneumax-gomme/,,,
Autofficina Cardinale,San Secondo Parmense PR,"Via A. dall'Aglio, 3, 43017 San Secondo Parmense PR",347 078 8356,,SENZA SITO,nessun sito,59,https://mirondavide.com/autofficine/autofficina-cardinale/,https://wa.me/393470788356?text=Buongiorno%2C%0A%0Ami%20chiamo%20Davide%2C%20realizzo%20siti%20web%20per%20attivit%C3%A0%20locali.%0AHo%20creato%20un%20sito%20da%20zero%20per%20Cardinale.%0AEccolo%3A%20https%3A//mirondavide.com/autofficine/autofficina-cardinale/%0A%0ALavoro%20da%20solo%20%E2%80%94%20niente%20agenzie.%20Prezzo%20da%20%E2%82%AC500%2C%20consegna%20in%2072%20ore.%0A%0ASe%20vi%20interessa%2C%20possiamo%20sentirci%2010%20minuti%20%E2%80%94%20anche%20al%20telefono%20o%20passo%20di%20persona.%0A%0AUn%20saluto%2C%0ADavide%20%E2%80%94%20379%20210%206196,,
Villani Gianluca,Parma PR,"Via Domenico Muzzi, 5, 43122 Parma PR",0521 711015,,SENZA SITO,nessun sito,55,https://mirondavide.com/autofficine/villani-gianluca/,,,
Carrozzeria Farnese,Parma PR,"Via Timoteo Riboli, 18, 43125 Parma PR",0521 964449,,SENZA SITO,nessun sito,55,https://mirondavide.com/autofficine/carrozzeria-farnese/,,,
Sorba Gomme - performance center,Parma PR,"Via Chiavari, 16, 43125 Parma PR",342 067 7830,,SENZA SITO,nessun sito,54,https://mirondavide.com/autofficine/sorba-gomme-performance-center/,https://wa.me/393420677830?text=Buongiorno%2C%0A%0Ami%20chiamo%20Davide%2C%20realizzo%20siti%20web%20per%20attivit%C3%A0%20locali.%0AHo%20creato%20un%20sito%20da%20zero%20per%20Sorba%20Gomme%20performance.%0AEccolo%3A%20https%3A//mirondavide.com/autofficine/sorba-gomme-performance-center/%0A%0ALavoro%20da%20solo%20%E2%80%94%20niente%20agenzie.%20Prezzo%20da%20%E2%82%AC500%2C%20consegna%20in%2072%20ore.%0A%0ASe%20vi%20interessa%2C%20possiamo%20sentirci%2010%20minuti%20%E2%80%94%20anche%20al%20telefono%20o%20passo%20di%20persona.%0A%0AUn%20saluto%2C%0ADavide%20%E2%80%94%20379%20210%206196,,
Fragni Gianni,Parma PR,"Via Savani, 41, 43100 Parma PR",392 750 6296,,SENZA SITO,nessun sito,54,https://mirondavide.com/autofficine/fragni-gianni/,,,
Box Service - Borettini Giancarlo e C.,Parma PR,"Via Egidio Pini, 6, 43126 Parma PR",0521 292986,,SENZA SITO,nessun sito,53,https://mirondavide.com/autofficine/box-service-borettini-giancarlo-e-c/,,,
Ziveri Enore E Figlio Snc,Parma PR,"Via Edward Jenner, 53/a, 43126 Parma PR",0521 980915,,SENZA SITO,nessun sito,52,https://mirondavide.com/autofficine/ziveri-enore-e-figlio-snc/,,,
Emiliana Gomme Fragni,Parma PR,"Via Alexander Fleming, 15/A, 43126 Parma PR",334 309 1137,,SENZA SITO,nessun sito,50,https://mirondavide.com/autofficine/emiliana-gomme-fragni/,https://wa.me/393343091137?text=Buongiorno%2C%0A%0Ami%20chiamo%20Davide%2C%20realizzo%20siti%20web%20per%20attivit%C3%A0%20locali.%0AHo%20creato%20un%20sito%20da%20zero%20per%20Emiliana%20Gomme%20Fragni.%0AEccolo%3A%20https%3A//mirondavide.com/autofficine/emiliana-gomme-fragni/%0A%0ALavoro%20da%20solo%20%E2%80%94%20niente%20agenzie.%20Prezzo%20da%20%E2%82%AC500%2C%20consegna%20in%2072%20ore.%0A%0ASe%20vi%20interessa%2C%20possiamo%20sentirci%2010%20minuti%20%E2%80%94%20anche%20al%20telefono%20o%20passo%20di%20persona.%0A%0AUn%20saluto%2C%0ADavide%20%E2%80%94%20379%20210%206196,,
Autofficina 911,Soragna PR,"V. Croce Rossa, 7, 43019 Soragna PR",0524 598062,,SENZA SITO,nessun sito,47,https://mirondavide.com/autofficine/autofficina-911/,,,
Carrozzeria Bellini - Olivieri,Parma PR,"Via Pietro de Lama, 15/A, 43125 Parma PR",0521 966112,,SENZA SITO,nessun sito,47,https://mirondavide.com/autofficine/carrozzeria-bellini-olivieri/,,,
Lottici Gomme,Parma PR,"Strada Antonio Zarotto, 88B, 43123 Parma PR",0521 486316,,SENZA SITO,nessun sito,47,https://mirondavide.com/autofficine/lottici-gomme/,,,
Gentauto officina,Parma PR,"Via Battaglia di S. Pietro, 28, 43126 Parma PR",328 278 8551,,SENZA SITO,nessun sito,41,https://mirondavide.com/autofficine/gentauto-officina/,https://wa.me/393282788551?text=Buongiorno%2C%0A%0Ami%20chiamo%20Davide%2C%20realizzo%20siti%20web%20per%20attivit%C3%A0%20locali.%0AHo%20creato%20un%20sito%20da%20zero%20per%20Gentauto%20officina.%0AEccolo%3A%20https%3A//mirondavide.com/autofficine/gentauto-officina/%0A%0ALavoro%20da%20solo%20%E2%80%94%20niente%20agenzie.%20Prezzo%20da%20%E2%82%AC500%2C%20consegna%20in%2072%20ore.%0A%0ASe%20vi%20interessa%2C%20possiamo%20sentirci%2010%20minuti%20%E2%80%94%20anche%20al%20telefono%20o%20passo%20di%20persona.%0A%0AUn%20saluto%2C%0ADavide%20%E2%80%94%20379%20210%206196,,
Autofficina Cantarelli Enore E Nicola a Parma,Case Gaiffa PR,"Str. Torchio, 12, 43010 Case Gaiffa PR",336 572 851,,SENZA SITO,nessun sito,41,https://mirondavide.com/autofficine/autofficina-cantarelli-enore-e-nicola-a-parma/,https://wa.me/39336572851?text=Buongiorno%2C%0A%0Ami%20chiamo%20Davide%2C%20realizzo%20siti%20web%20per%20attivit%C3%A0%20locali.%0AHo%20creato%20un%20sito%20da%20zero%20per%20Cantarelli%20Enore%20E.%0AEccolo%3A%20https%3A//mirondavide.com/autofficine/autofficina-cantarelli-enore-e-nicola-a-parma/%0A%0ALavoro%20da%20solo%20%E2%80%94%20niente%20agenzie.%20Prezzo%20da%20%E2%82%AC500%2C%20consegna%20in%2072%20ore.%0A%0ASe%20vi%20interessa%2C%20possiamo%20sentirci%2010%20minuti%20%E2%80%94%20anche%20al%20telefono%20o%20passo%20di%20persona.%0A%0AUn%20saluto%2C%0ADavide%20%E2%80%94%20379%20210%206196,,
Car Style Srl,Parma PR,"Via Maestri del Lavoro, 10, 43122 Parma PR",0521 783792,,SENZA SITO,nessun sito,40,https://mirondavide.com/autofficine/car-style-srl/,,,
Bo & Petrucci Snc Parma,Parma PR,"V.le Mentana, 16, 43121 Parma PR",0521 206247,,SENZA SITO,nessun sito,39,https://mirondavide.com/autofficine/bo-petrucci-snc-parma/,,,
C.r.m. Di Corsino Rosario Mario,Parma PR,"Piazza B. Lunardi, 17/a, 43122 Parma PR",0521 243750,,SENZA SITO,nessun sito,34,https://mirondavide.com/autofficine/c-r-m-di-corsino-rosario-mario/,,,
Carrozzeria Silvano,Parma PR,"Strada Vicinale Rasori, 10/a, 43126 Parma PR",0521 994768,,SENZA SITO,nessun sito,34,https://mirondavide.com/autofficine/carrozzeria-silvano/,,,
Atik Gomme San polo,Torrile PR,"Via B. Buozzi, 16, 43056 Torrile PR",331 787 6780,,SENZA SITO,nessun sito,32,https://mirondavide.com/autofficine/atik-gomme-san-polo/,https://wa.me/393317876780?text=Buongiorno%2C%0A%0Ami%20chiamo%20Davide%2C%20realizzo%20siti%20web%20per%20attivit%C3%A0%20locali.%0AHo%20creato%20un%20sito%20da%20zero%20per%20Atik%20Gomme%20San.%0AEccolo%3A%20https%3A//mirondavide.com/autofficine/atik-gomme-san-polo/%0A%0ALavoro%20da%20solo%20%E2%80%94%20niente%20agenzie.%20Prezzo%20da%20%E2%82%AC500%2C%20consegna%20in%2072%20ore.%0A%0ASe%20vi%20interessa%2C%20possiamo%20sentirci%2010%20minuti%20%E2%80%94%20anche%20al%20telefono%20o%20passo%20di%20persona.%0A%0AUn%20saluto%2C%0ADavide%20%E2%80%94%20379%20210%206196,,
Autofficina Lori,Collecchio PR,"Via 8 Marzo, 77, 43044 Collecchio PR",0521 805251,,SENZA SITO,nessun sito,30,https://mirondavide.com/autofficine/autofficina-lori/,,,
Gommista,Parma PR,"Str. Langhirano, 14, 43125 Parma PR",0521 038092,,SENZA SITO,nessun sito,30,https://mirondavide.com/autofficine/gommista/,,,
Carrozzeria Belotti,Pontoglio BS,"Via Parma, 8, 25037 Pontoglio BS",030 747 1189,,SENZA SITO,nessun sito,28,https://mirondavide.com/autofficine/carrozzeria-belotti/,,,
Carrozzeria Rapid Car,Parma PR,"Via Antonio Cerati, 8/A, 43126 Parma PR",0521 942814,,SENZA SITO,nessun sito,27,https://mirondavide.com/autofficine/carrozzeria-rapid-car/,,,
Officina f.r,Parma PR,"Strada Comunale Paullo, 62a, 43122 Parma PR",348 605 9065,,SENZA SITO,nessun sito,25,https://mirondavide.com/autofficine/officina-f-r/,https://wa.me/393486059065?text=Buongiorno%2C%0A%0Ami%20chiamo%20Davide%2C%20realizzo%20siti%20web%20per%20attivit%C3%A0%20locali.%0AHo%20creato%20un%20sito%20da%20zero%20per%20f.r.%0AEccolo%3A%20https%3A//mirondavide.com/autofficine/officina-f-r/%0A%0ALavoro%20da%20solo%20%E2%80%94%20niente%20agenzie.%20Prezzo%20da%20%E2%82%AC500%2C%20consegna%20in%2072%20ore.%0A%0ASe%20vi%20interessa%2C%20possiamo%20sentirci%2010%20minuti%20%E2%80%94%20anche%20al%20telefono%20o%20passo%20di%20persona.%0A%0AUn%20saluto%2C%0ADavide%20%E2%80%94%20379%20210%206196,,
Carrozzeria Newcars,Parma PR,"Via Remo Polizzi, 16/A, 43124 Parma PR",0521 967968,,SENZA SITO,nessun sito,25,https://mirondavide.com/autofficine/carrozzeria-newcars/,,,
Auto90,Parma PR,"Str. Baganzola, 100/A, 43126 Parma PR",0521 883894,,SENZA SITO,nessun sito,23,https://mirondavide.com/autofficine/auto90/,,,
Carrozzeria Nuova Carrozzeria AZ S.R.L.,Parma PR,"Via Benedetta, 34, 43122 Parma PR",0521 273298,,SENZA SITO,nessun sito,22,https://mirondavide.com/autofficine/carrozzeria-nuova-carrozzeria-az-s-r-l/,,,
Da.Ve. Motors di Davide Verolla,Fontevivo PR,"Via parmigianino 5, pontetaro di Fontevivo, 43010, 43010 Fontevivo PR",380 756 5173,,SENZA SITO,nessun sito,20,https://mirondavide.com/autofficine/da-ve-motors-di-davide-verolla/,https://wa.me/393807565173?text=Buongiorno%2C%0A%0Ami%20chiamo%20Davide%2C%20realizzo%20siti%20web%20per%20attivit%C3%A0%20locali.%0AHo%20creato%20un%20sito%20da%20zero%20per%20Da.Ve.%20Motors%20di.%0AEccolo%3A%20https%3A//mirondavide.com/autofficine/da-ve-motors-di-davide-verolla/%0A%0ALavoro%20da%20solo%20%E2%80%94%20niente%20agenzie.%20Prezzo%20da%20%E2%82%AC500%2C%20consegna%20in%2072%20ore.%0A%0ASe%20vi%20interessa%2C%20possiamo%20sentirci%2010%20minuti%20%E2%80%94%20anche%20al%20telefono%20o%20passo%20di%20persona.%0A%0AUn%20saluto%2C%0ADavide%20%E2%80%94%20379%20210%206196,,
Carrozzeria Cremona,La Catena PR,"Via Marco Emilio Lepido, 231, 43123 La Catena PR",0521 645193,,SENZA SITO,nessun sito,19,https://mirondavide.com/autofficine/carrozzeria-cremona/,,,
Officina Ricco Di Zurlini Carletto,Parma PR,"Via Emilio Casa, 11, 43121 Parma PR",0521 229404,,SENZA SITO,nessun sito,17,https://mirondavide.com/autofficine/officina-ricco-di-zurlini-carletto/,,,
Rossi Gomme sas,Parma PR,"Via S. Leonardo, 195, 43122 Parma PR",0521 780991,,SENZA SITO,nessun sito,17,https://mirondavide.com/autofficine/rossi-gomme-sas/,,,
Autocarrozzeria Parma,Chiavari GE,"Via Parma, 4, 16043 Chiavari GE",0185 309423,,SENZA SITO,nessun sito,15,https://mirondavide.com/autofficine/autocarrozzeria-parma/,,,
P.M. Service,Parma PR,"Via Enrico Sartori, 3, 43126 Parma PR",0521 258377,,SENZA SITO,nessun sito,15,https://mirondavide.com/autofficine/p-m-service/,,,
Meccanico di Macchine - Officina (di Fava Romeo),Parma PR,"Via Scarabelli Zunti, 31, 43123 Parma PR",0521 494178,,SENZA SITO,nessun sito,14,https://mirondavide.com/autofficine/meccanico-di-macchine-officina-di-fava-romeo/,,,
Carrozzeria Lauro,Parma PR,"Via Francesco Barbacini, 16, 43122 Parma PR",0521 270458,,SENZA SITO,nessun sito,14,https://mirondavide.com/autofficine/carrozzeria-lauro/,,,
SOCCORSO STRADALE PARMA,Parma PR,"Via Nino Manfredi, 8, 43124 Parma PR",347 416 2402,,SENZA SITO,nessun sito,13,https://mirondavide.com/autofficine/soccorso-stradale-parma/,https://wa.me/393474162402?text=Buongiorno%2C%0A%0Ami%20chiamo%20Davide%2C%20realizzo%20siti%20web%20per%20attivit%C3%A0%20locali.%0AHo%20creato%20un%20sito%20da%20zero%20per%20SOCCORSO%20STRADALE%20PARMA.%0AEccolo%3A%20https%3A//mirondavide.com/autofficine/soccorso-stradale-parma/%0A%0ALavoro%20da%20solo%20%E2%80%94%20niente%20agenzie.%20Prezzo%20da%20%E2%82%AC500%2C%20consegna%20in%2072%20ore.%0A%0ASe%20vi%20interessa%2C%20possiamo%20sentirci%2010%20minuti%20%E2%80%94%20anche%20al%20telefono%20o%20passo%20di%20persona.%0A%0AUn%20saluto%2C%0ADavide%20%E2%80%94%20379%20210%206196,,
Carrozzeria Bonazzi Snc,Parma PR,"Via Emilia Ovest, 100A, 43126 Parma PR",0521 672466,,SENZA SITO,nessun sito,11,https://mirondavide.com/autofficine/carrozzeria-bonazzi-snc/,,,
Sorba Gomme - paddock service via emilia ovest,Parma PR,"Via Emilia Ovest, 100/A, 43126 Parma PR",351 456 9062,,SENZA SITO,nessun sito,10,https://mirondavide.com/autofficine/sorba-gomme-paddock-service-via-emilia-ovest/,https://wa.me/393514569062?text=Buongiorno%2C%0A%0Ami%20chiamo%20Davide%2C%20realizzo%20siti%20web%20per%20attivit%C3%A0%20locali.%0AHo%20creato%20un%20sito%20da%20zero%20per%20Sorba%20Gomme%20paddock.%0AEccolo%3A%20https%3A//mirondavide.com/autofficine/sorba-gomme-paddock-service-via-emilia-ovest/%0A%0ALavoro%20da%20solo%20%E2%80%94%20niente%20agenzie.%20Prezzo%20da%20%E2%82%AC500%2C%20consegna%20in%2072%20ore.%0A%0ASe%20vi%20interessa%2C%20possiamo%20sentirci%2010%20minuti%20%E2%80%94%20anche%20al%20telefono%20o%20passo%20di%20persona.%0A%0AUn%20saluto%2C%0ADavide%20%E2%80%94%20379%20210%206196,,
CARROZZERIA CALZOLARI S.r.L.,Lemignano PR,"Via C. Prampolini, 26, 43044 Lemignano PR",0521 804245,,SENZA SITO,nessun sito,9,https://mirondavide.com/autofficine/carrozzeria-calzolari-s-r-l/,,,
Officina Cresci Fabio,Vicofertile PR,"Via Roma, 98, 43126 Vicofertile PR",339 773 4652,,SENZA SITO,nessun sito,8,https://mirondavide.com/autofficine/officina-cresci-fabio/,https://wa.me/393397734652?text=Buongiorno%2C%0A%0Ami%20chiamo%20Davide%2C%20realizzo%20siti%20web%20per%20attivit%C3%A0%20locali.%0AHo%20creato%20un%20sito%20da%20zero%20per%20Cresci%20Fabio.%0AEccolo%3A%20https%3A//mirondavide.com/autofficine/officina-cresci-fabio/%0A%0ALavoro%20da%20solo%20%E2%80%94%20niente%20agenzie.%20Prezzo%20da%20%E2%82%AC500%2C%20consegna%20in%2072%20ore.%0A%0ASe%20vi%20interessa%2C%20possiamo%20sentirci%2010%20minuti%20%E2%80%94%20anche%20al%20telefono%20o%20passo%20di%20persona.%0A%0AUn%20saluto%2C%0ADavide%20%E2%80%94%20379%20210%206196,,
Varesi Pierluigi,Parma PR,"Via Remo Polizzi, 16, 43124 Parma PR",0521 967968,,SENZA SITO,nessun sito,8,https://mirondavide.com/autofficine/varesi-pierluigi/,,,
Autofficina Maccanelli Graziano,Parma PR,"Strada Provinciale Colorno, 63, 43122 Parma PR",0521 606197,,SENZA SITO,nessun sito,5,https://mirondavide.com/autofficine/autofficina-maccanelli-graziano/,,,
Autofficina Greco Motorsport,Parma PR,"Via Buffolara, 26/A, 43126 Parma PR",346 019 9399,,SENZA SITO,nessun sito,1,https://mirondavide.com/autofficine/autofficina-greco-motorsport/,https://wa.me/393460199399?text=Buongiorno%2C%0A%0Ami%20chiamo%20Davide%2C%20realizzo%20siti%20web%20per%20attivit%C3%A0%20locali.%0AHo%20creato%20un%20sito%20da%20zero%20per%20Greco%20Motorsport.%0AEccolo%3A%20https%3A//mirondavide.com/autofficine/autofficina-greco-motorsport/%0A%0ALavoro%20da%20solo%20%E2%80%94%20niente%20agenzie.%20Prezzo%20da%20%E2%82%AC500%2C%20consegna%20in%2072%20ore.%0A%0ASe%20vi%20interessa%2C%20possiamo%20sentirci%2010%20minuti%20%E2%80%94%20anche%20al%20telefono%20o%20passo%20di%20persona.%0A%0AUn%20saluto%2C%0ADavide%20%E2%80%94%20379%20210%206196,,
Autofficina Parma V8 di Correnti Maurizio,Parma PR,"Via Toscana, 58/1, 43123 Parma PR",0521 773046,,SENZA SITO,nessun sito,1,https://mirondavide.com/autofficine/autofficina-parma-v8-di-correnti-maurizio/,,,
Autofficina Povesi Fabio & c. S.a.s.,Parma PR,"Str. Naviglio Alto, 10, 43122 Parma PR",0521 273277,,SENZA SITO,nessun sito,1,https://mirondavide.com/autofficine/autofficina-povesi-fabio-c-s-a-s/,,,
Carrozzeria F.P. (S.N.C.),Parma PR,"Str. Argini Parma, 58, 43123 Parma PR",0521 251351,,SENZA SITO,nessun sito,0,https://mirondavide.com/autofficine/carrozzeria-f-p-s-n-c/,,,
Tecnogomma Parma s.r.l.,Parma PR,"Via Buffolara, 26, 43126 Parma PR",0521 291347,,SITO MORTO,il sito non si apre,473,https://mirondavide.com/autofficine/tecnogomma-parma-s-r-l/,,,
Autofficina Parmense Gomme,Parma PR,"Via Venezia, 103/A, 43122 Parma PR",,,SITO MORTO,il sito non si apre,217,https://mirondavide.com/autofficine/autofficina-parmense-gomme/,,,
Mercadanti Gommista parma,San Pancrazio Parmense PR,"Via Emilia Ovest, 245/a, 43126 San Pancrazio Parmense PR",0521 293989,,SITO MORTO,il sito non si apre,194,https://mirondavide.com/autofficine/mercadanti-gommista-parma/,,,
Autofficina 2000,Parma PR,"76, Via Di Vittorio, Lemignano di Collecchio, 43044 Parma PR",0521 487653,,SITO MORTO,il sito non si apre,188,https://mirondavide.com/autofficine/autofficina-2000/,,,
Obiettivo Gomme - Sala Baganza,Sala Baganza PR,"Via F. Maestri, 32, 43038 Sala Baganza PR",0521 831091,,SITO MORTO,il sito non si apre,164,https://mirondavide.com/autofficine/obiettivo-gomme-sala-baganza/,,,
Autofficina Viele Sergio,Parma PR,"Strada Farnese, Strada di Vigheffio, 36, 43125 Parma PR",0521 570343,,SITO MORTO,il sito non si apre,144,https://mirondavide.com/autofficine/autofficina-viele-sergio/,,,
Freedom Cars Service Srl,Ponte Taro PR,"Via Raffaello Sanzio, 10, 43010 Ponte Taro PR",0521 294696,,SITO MORTO,il sito non si apre,132,https://mirondavide.com/autofficine/freedom-cars-service-srl/,,,
La Boutique del Pneumatico.it,Parma PR,"Via Tomaso Ravasini, 5/a, 43126 Parma PR",327 389 8267,,SITO MORTO,il sito non si apre,106,https://mirondavide.com/autofficine/la-boutique-del-pneumatico-it/,https://wa.me/393273898267?text=Buongiorno%2C%0A%0Ami%20chiamo%20Davide%2C%20realizzo%20siti%20web%20per%20attivit%C3%A0%20locali.%0AHo%20preparato%20una%20versione%20nuova%20del%20sito%20per%20La%20Boutique%20del.%0AEccolo%3A%20https%3A//mirondavide.com/autofficine/la-boutique-del-pneumatico-it/%0A%0ALavoro%20da%20solo%20%E2%80%94%20niente%20agenzie.%20Prezzo%20da%20%E2%82%AC500%2C%20consegna%20in%2072%20ore.%0A%0ASe%20vi%20interessa%2C%20possiamo%20sentirci%2010%20minuti%20%E2%80%94%20anche%20al%20telefono%20o%20passo%20di%20persona.%0A%0AUn%20saluto%2C%0ADavide%20%E2%80%94%20379%20210%206196,,
ElettroParma Car,Parma PR,"Via Venezia, 169, 43122 Parma PR",0521 272649,,SITO MORTO,il sito non si apre,93,https://mirondavide.com/autofficine/elettroparma-car/,,,
AUTORIPARAZIONI CARS SRL,Parma PR,"Via Cesarini Sforza Widar, 6A, 43124 Parma PR",0521 963892,,SITO MORTO,il sito non si apre,61,https://mirondavide.com/autofficine/autoriparazioni-cars-srl/,,,
Carrozzeria Cugini e Gruppini Snc di Maestri Marco e Trifan Vasile,Collecchio PR,"Viale Sandro Pertini, 49, 43044 Collecchio PR",0521 805423,,SITO MORTO,il sito non si apre,60,https://mirondavide.com/autofficine/carrozzeria-cugini-e-gruppini-snc-di-maestri-marco/,,,
Centro First Stop Giordani,Parma PR,"Via N. Nadi, 1, 43122 Parma PR",0521 785803,,SITO MORTO,il sito non si apre,7,https://mirondavide.com/autofficine/centro-first-stop-giordani/,,,
Nova Service,Parma PR,"Via Emilia Ovest, 43126 Parma PR",0521 673945,,SITO MORTO,il sito non si apre,4,https://mirondavide.com/autofficine/nova-service/,,,
C.M.C. Officina,Parma PR,"Str. Roccatagliata, 10, 43123 Parma PR",0521 645165,,SITO VECCHIO,no HTTPS,405,https://mirondavide.com/autofficine/c-m-c-officina/,,,
Giomax Pneumatici- BestDrive,Parma PR,"Via Doberdo', 5/A, 43122 Parma PR",0521 771795,,SITO VECCHIO,no HTTPS,317,https://mirondavide.com/autofficine/giomax-pneumatici-bestdrive/,,,
PNEUSÌ SRL - Driver Center Pirelli PARMA,Parma PR,"Via Buffolara, 26, 43126 Parma PR",0521 983264,,SITO VECCHIO,no HTTPS,267,https://mirondavide.com/autofficine/pneus-srl-driver-center-pirelli-parma/,,,
Diamante Srl - Carrozzeria Gestione Sinistri Parma,Parma PR,"Via Francesco Crispi, 52/A, 43126 Parma PR",388 991 1292,,SITO VECCHIO,no HTTPS,259,https://mirondavide.com/autofficine/diamante-srl-carrozzeria-gestione-sinistri-parma/,https://wa.me/393889911292?text=Buongiorno%2C%0A%0Ami%20chiamo%20Davide%2C%20realizzo%20siti%20web%20per%20attivit%C3%A0%20locali.%0AHo%20preparato%20una%20versione%20pi%C3%B9%20moderna%20del%20sito%20per%20Diamante%20Srl%20Carrozzeria.%0AEccolo%3A%20https%3A//mirondavide.com/autofficine/diamante-srl-carrozzeria-gestione-sinistri-parma/%0A%0ALavoro%20da%20solo%20%E2%80%94%20niente%20agenzie.%20Prezzo%20da%20%E2%82%AC500%2C%20consegna%20in%2072%20ore.%0A%0ASe%20vi%20interessa%2C%20possiamo%20sentirci%2010%20minuti%20%E2%80%94%20anche%20al%20telefono%20o%20passo%20di%20persona.%0A%0AUn%20saluto%2C%0ADavide%20%E2%80%94%20379%20210%206196,,
Officina Tanzi Paolo - autorizzata CAMION VOLVO E DAF,Parma PR,"Via Cremonese, 46, 43126 Parma PR",0521 993849,info@officinatanzi.pr.it,SITO VECCHIO,no HTTPS,193,https://mirondavide.com/autofficine/officina-tanzi-paolo-autorizzata-camion-volvo-e-da/,,mailto:info@officinatanzi.pr.it?subject=Sito%20nuovo%20per%20Tanzi%20Paolo%20autorizzata&body=Buongiorno%2C%0A%0Ami%20chiamo%20Davide%2C%20realizzo%20siti%20web%20per%20attivit%C3%A0%20locali.%0AHo%20preparato%20una%20versione%20pi%C3%B9%20moderna%20del%20sito%20per%20Tanzi%20Paolo%20autorizzata.%0AEccolo%3A%20https%3A//mirondavide.com/autofficine/officina-tanzi-paolo-autorizzata-camion-volvo-e-da/%0A%0ALavoro%20da%20solo%20%E2%80%94%20niente%20agenzie.%20Il%20prezzo%20parte%20da%20%E2%82%AC500%20per%20una%20homepage%20completa%2C%20consegnata%20in%2072%20ore.%0A%0ASe%20vi%20interessa%2C%20possiamo%20sentirci%2010%20minuti%20%E2%80%94%20anche%20al%20telefono%20o%20passo%20di%20persona.%0A%0AUn%20saluto%2C%0ADavide%20%E2%80%94%20379%20210%206196%0A%0A---%0APer%20non%20ricevere%20altri%20messaggi%3A%20rispondete%20%27rimuovi%27.,
Centro First Stop Autofficina Franco Pneumatici,San Secondo Parmense PR,"Via Giuseppe Verdi, 33, 43017 San Secondo Parmense PR",0521 872365,info@francopneumatici.it,SITO VECCHIO,no HTTPS,189,https://mirondavide.com/autofficine/centro-first-stop-autofficina-franco-pneumatici/,,mailto:info@francopneumatici.it?subject=Sito%20nuovo%20per%20Centro%20First%20Stop&body=Buongiorno%2C%0A%0Ami%20chiamo%20Davide%2C%20realizzo%20siti%20web%20per%20attivit%C3%A0%20locali.%0AHo%20preparato%20una%20versione%20pi%C3%B9%20moderna%20del%20sito%20per%20Centro%20First%20Stop.%0AEccolo%3A%20https%3A//mirondavide.com/autofficine/centro-first-stop-autofficina-franco-pneumatici/%0A%0ALavoro%20da%20solo%20%E2%80%94%20niente%20agenzie.%20Il%20prezzo%20parte%20da%20%E2%82%AC500%20per%20una%20homepage%20completa%2C%20consegnata%20in%2072%20ore.%0A%0ASe%20vi%20interessa%2C%20possiamo%20sentirci%2010%20minuti%20%E2%80%94%20anche%20al%20telefono%20o%20passo%20di%20persona.%0A%0AUn%20saluto%2C%0ADavide%20%E2%80%94%20379%20210%206196%0A%0A---%0APer%20non%20ricevere%20altri%20messaggi%3A%20rispondete%20%27rimuovi%27.,
Collecchio Gomme,Collecchio PR,"Via 8 Marzo, 3, 43044 Collecchio PR",0521 804543,seowaii.client@gmail.com,SITO VECCHIO,no HTTPS,181,https://mirondavide.com/autofficine/collecchio-gomme/,,mailto:seowaii.client@gmail.com?subject=Sito%20nuovo%20per%20Collecchio%20Gomme&body=Buongiorno%2C%0A%0Ami%20chiamo%20Davide%2C%20realizzo%20siti%20web%20per%20attivit%C3%A0%20locali.%0AHo%20preparato%20una%20versione%20pi%C3%B9%20moderna%20del%20sito%20per%20Collecchio%20Gomme.%0AEccolo%3A%20https%3A//mirondavide.com/autofficine/collecchio-gomme/%0A%0ALavoro%20da%20solo%20%E2%80%94%20niente%20agenzie.%20Il%20prezzo%20parte%20da%20%E2%82%AC500%20per%20una%20homepage%20completa%2C%20consegnata%20in%2072%20ore.%0A%0ASe%20vi%20interessa%2C%20possiamo%20sentirci%2010%20minuti%20%E2%80%94%20anche%20al%20telefono%20o%20passo%20di%20persona.%0A%0AUn%20saluto%2C%0ADavide%20%E2%80%94%20379%20210%206196%0A%0A---%0APer%20non%20ricevere%20altri%20messaggi%3A%20rispondete%20%27rimuovi%27.,
Pneus Line,Parma PR,"Via Emilia Ovest, 113, 43126 Parma PR",0521 942572,,SITO VECCHIO,"no HTTPS, non adatto al telefono",179,https://mirondavide.com/autofficine/pneus-line/,,,
Auto Sport Parma,Parma PR,"Via Don Giovanni Drei, 17, 43123 Parma PR",0521 782211,,SITO VECCHIO,template economico,171,https://mirondavide.com/autofficine/auto-sport-parma/,,,
Carrozzeria Magikar Snc Di Benvenuti Gianluca & C. Parma,Parma PR,"Via Vittorio Emanuele Orlando, 15A, 43126 Parma PR",0521 981203,,SITO VECCHIO,no HTTPS,151,https://mirondavide.com/autofficine/carrozzeria-magikar-snc-di-benvenuti-gianluca-c-pa/,,,
Alba Gomme di Mosha Kadri,Parma PR,"Via Milano, 31A, 43122 Parma PR",0521 147 0946,,SITO VECCHIO,"no HTTPS, non adatto al telefono",151,https://mirondavide.com/autofficine/alba-gomme-di-mosha-kadri/,,,
AutoReggiani Snc di Giuseppe Reggiani & C.,Collecchio PR,"Str. del Palazzetto, 2, 43044 Collecchio PR",0521 309722,info@autoreggiani.com,SITO VECCHIO,no HTTPS,150,https://mirondavide.com/autofficine/autoreggiani-snc-di-giuseppe-reggiani-c/,,mailto:info@autoreggiani.com?subject=Sito%20nuovo%20per%20AutoReggiani%20Snc%20di&body=Buongiorno%2C%0A%0Ami%20chiamo%20Davide%2C%20realizzo%20siti%20web%20per%20attivit%C3%A0%20locali.%0AHo%20preparato%20una%20versione%20pi%C3%B9%20moderna%20del%20sito%20per%20AutoReggiani%20Snc%20di.%0AEccolo%3A%20https%3A//mirondavide.com/autofficine/autoreggiani-snc-di-giuseppe-reggiani-c/%0A%0ALavoro%20da%20solo%20%E2%80%94%20niente%20agenzie.%20Il%20prezzo%20parte%20da%20%E2%82%AC500%20per%20una%20homepage%20completa%2C%20consegnata%20in%2072%20ore.%0A%0ASe%20vi%20interessa%2C%20possiamo%20sentirci%2010%20minuti%20%E2%80%94%20anche%20al%20telefono%20o%20passo%20di%20persona.%0A%0AUn%20saluto%2C%0ADavide%20%E2%80%94%20379%20210%206196%0A%0A---%0APer%20non%20ricevere%20altri%20messaggi%3A%20rispondete%20%27rimuovi%27.,
Botteghino Gomme di Singh Dilpreet,Botteghino PR,"Strada Provinciale Traversetolo, 174, 43123 Botteghino PR",0521 151 1645,,SITO VECCHIO,no HTTPS,150,https://mirondavide.com/autofficine/botteghino-gomme-di-singh-dilpreet/,,,
Non Solo Gomme,Parma PR,"Via Achille Cantoni, 16, 43122 Parma PR",0521 771032,,SITO VECCHIO,no HTTPS,149,https://mirondavide.com/autofficine/non-solo-gomme/,,,
DIAGNOSTICAR PARMA,Parma PR,"Str. Naviglio Alto, 30/a, 43122 Parma PR",0521 162 7251,,SITO VECCHIO,no HTTPS,140,https://mirondavide.com/autofficine/diagnosticar-parma/,,,
"Elettrauto Mazzera | Officina Meccanica, Soccorso Auto, Gommista",Parma PR,"Via Savani, 42, 43126 Parma PR",0521 986503,elettrauto.mazzera@libero.it,SITO VECCHIO,no HTTPS,116,https://mirondavide.com/autofficine/elettrauto-mazzera-officina-meccanica-soccorso-aut/,,mailto:elettrauto.mazzera@libero.it?subject=Sito%20nuovo%20per%20Elettrauto%20Mazzera%20Officina&body=Buongiorno%2C%0A%0Ami%20chiamo%20Davide%2C%20realizzo%20siti%20web%20per%20attivit%C3%A0%20locali.%0AHo%20preparato%20una%20versione%20pi%C3%B9%20moderna%20del%20sito%20per%20Elettrauto%20Mazzera%20Officina.%0AEccolo%3A%20https%3A//mirondavide.com/autofficine/elettrauto-mazzera-officina-meccanica-soccorso-aut/%0A%0ALavoro%20da%20solo%20%E2%80%94%20niente%20agenzie.%20Il%20prezzo%20parte%20da%20%E2%82%AC500%20per%20una%20homepage%20completa%2C%20consegnata%20in%2072%20ore.%0A%0ASe%20vi%20interessa%2C%20possiamo%20sentirci%2010%20minuti%20%E2%80%94%20anche%20al%20telefono%20o%20passo%20di%20persona.%0A%0AUn%20saluto%2C%0ADavide%20%E2%80%94%20379%20210%206196%0A%0A---%0APer%20non%20ricevere%20altri%20messaggi%3A%20rispondete%20%27rimuovi%27.,
Carrozzeria Italcar,Parma PR,"Str. dei Mercati, 14, 43126 Parma PR",0521 982954,italcar@italcarparma.it,SITO VECCHIO,no HTTPS,113,https://mirondavide.com/autofficine/carrozzeria-italcar/,,mailto:italcar@italcarparma.it?subject=Sito%20nuovo%20per%20Italcar&body=Buongiorno%2C%0A%0Ami%20chiamo%20Davide%2C%20realizzo%20siti%20web%20per%20attivit%C3%A0%20locali.%0AHo%20preparato%20una%20versione%20pi%C3%B9%20moderna%20del%20sito%20per%20Italcar.%0AEccolo%3A%20https%3A//mirondavide.com/autofficine/carrozzeria-italcar/%0A%0ALavoro%20da%20solo%20%E2%80%94%20niente%20agenzie.%20Il%20prezzo%20parte%20da%20%E2%82%AC500%20per%20una%20homepage%20completa%2C%20consegnata%20in%2072%20ore.%0A%0ASe%20vi%20interessa%2C%20possiamo%20sentirci%2010%20minuti%20%E2%80%94%20anche%20al%20telefono%20o%20passo%20di%20persona.%0A%0AUn%20saluto%2C%0ADavide%20%E2%80%94%20379%20210%206196%0A%0A---%0APer%20non%20ricevere%20altri%20messaggi%3A%20rispondete%20%27rimuovi%27.,
Carrozzeria Padana 1 SrL,Parma PR,"Via Francesco Barbacini, 10, 43122 Parma PR",0521 709033,,SITO VECCHIO,non adatto al telefono,113,https://mirondavide.com/autofficine/carrozzeria-padana-1-srl/,,,
Giordani S.R.L.,Parma PR,"Via N. Nadi, 1, 43122 Parma PR",0521 785803,mobility.aftermarket@it.bosch.com,SITO VECCHIO,copyright 2017,109,https://mirondavide.com/autofficine/giordani-s-r-l/,,mailto:mobility.aftermarket@it.bosch.com?subject=Sito%20nuovo%20per%20Giordani%20S.R.L.&body=Buongiorno%2C%0A%0Ami%20chiamo%20Davide%2C%20realizzo%20siti%20web%20per%20attivit%C3%A0%20locali.%0AHo%20preparato%20una%20versione%20pi%C3%B9%20moderna%20del%20sito%20per%20Giordani%20S.R.L..%0AEccolo%3A%20https%3A//mirondavide.com/autofficine/giordani-s-r-l/%0A%0ALavoro%20da%20solo%20%E2%80%94%20niente%20agenzie.%20Il%20prezzo%20parte%20da%20%E2%82%AC500%20per%20una%20homepage%20completa%2C%20consegnata%20in%2072%20ore.%0A%0ASe%20vi%20interessa%2C%20possiamo%20sentirci%2010%20minuti%20%E2%80%94%20anche%20al%20telefono%20o%20passo%20di%20persona.%0A%0AUn%20saluto%2C%0ADavide%20%E2%80%94%20379%20210%206196%0A%0A---%0APer%20non%20ricevere%20altri%20messaggi%3A%20rispondete%20%27rimuovi%27.,
CAMPANI GOMME,Parma PR,"Str. dei Mercati, 8/a, 43126 Parma PR",351 674 3806,campanigomme@gmail.com,SITO VECCHIO,"no HTTPS, copyright 2017",105,https://mirondavide.com/autofficine/campani-gomme/,https://wa.me/393516743806?text=Buongiorno%2C%0A%0Ami%20chiamo%20Davide%2C%20realizzo%20siti%20web%20per%20attivit%C3%A0%20locali.%0AHo%20preparato%20una%20versione%20pi%C3%B9%20moderna%20del%20sito%20per%20CAMPANI%20GOMME.%0AEccolo%3A%20https%3A//mirondavide.com/autofficine/campani-gomme/%0A%0ALavoro%20da%20solo%20%E2%80%94%20niente%20agenzie.%20Prezzo%20da%20%E2%82%AC500%2C%20consegna%20in%2072%20ore.%0A%0ASe%20vi%20interessa%2C%20possiamo%20sentirci%2010%20minuti%20%E2%80%94%20anche%20al%20telefono%20o%20passo%20di%20persona.%0A%0AUn%20saluto%2C%0ADavide%20%E2%80%94%20379%20210%206196,mailto:campanigomme@gmail.com?subject=Sito%20nuovo%20per%20CAMPANI%20GOMME&body=Buongiorno%2C%0A%0Ami%20chiamo%20Davide%2C%20realizzo%20siti%20web%20per%20attivit%C3%A0%20locali.%0AHo%20preparato%20una%20versione%20pi%C3%B9%20moderna%20del%20sito%20per%20CAMPANI%20GOMME.%0AEccolo%3A%20https%3A//mirondavide.com/autofficine/campani-gomme/%0A%0ALavoro%20da%20solo%20%E2%80%94%20niente%20agenzie.%20Il%20prezzo%20parte%20da%20%E2%82%AC500%20per%20una%20homepage%20completa%2C%20consegnata%20in%2072%20ore.%0A%0ASe%20vi%20interessa%2C%20possiamo%20sentirci%2010%20minuti%20%E2%80%94%20anche%20al%20telefono%20o%20passo%20di%20persona.%0A%0AUn%20saluto%2C%0ADavide%20%E2%80%94%20379%20210%206196%0A%0A---%0APer%20non%20ricevere%20altri%20messaggi%3A%20rispondete%20%27rimuovi%27.,
Carrozzeria Europea| Riparazione auto e restauro auto storiche| Parma,Parma PR,"Via Giovanni Giolitti, 16/a, 43126 Parma PR",0521 980305,,SITO VECCHIO,"no HTTPS, non adatto al telefono",96,https://mirondavide.com/autofficine/carrozzeria-europea-riparazione-auto-e-restauro-au/,,,
Autofficina Saccardi di Saccardi Guido,Parma PR,"Via S. Leonardo, 121, 43122 Parma PR",0521 780656,,SITO VECCHIO,"no HTTPS, non adatto al telefono",91,https://mirondavide.com/autofficine/autofficina-saccardi-di-saccardi-guido/,,,
ARIP GOMME SRL,Noceto PR,"Viale Papa Giovanni XXIII, 18, 43015 Noceto PR",0521 620215,aripgomme1@gmail.com,SITO VECCHIO,no HTTPS,89,https://mirondavide.com/autofficine/arip-gomme-srl/,,mailto:aripgomme1@gmail.com?subject=Sito%20nuovo%20per%20ARIP%20GOMME%20SRL&body=Buongiorno%2C%0A%0Ami%20chiamo%20Davide%2C%20realizzo%20siti%20web%20per%20attivit%C3%A0%20locali.%0AHo%20preparato%20una%20versione%20pi%C3%B9%20moderna%20del%20sito%20per%20ARIP%20GOMME%20SRL.%0AEccolo%3A%20https%3A//mirondavide.com/autofficine/arip-gomme-srl/%0A%0ALavoro%20da%20solo%20%E2%80%94%20niente%20agenzie.%20Il%20prezzo%20parte%20da%20%E2%82%AC500%20per%20una%20homepage%20completa%2C%20consegnata%20in%2072%20ore.%0A%0ASe%20vi%20interessa%2C%20possiamo%20sentirci%2010%20minuti%20%E2%80%94%20anche%20al%20telefono%20o%20passo%20di%20persona.%0A%0AUn%20saluto%2C%0ADavide%20%E2%80%94%20379%20210%206196%0A%0A---%0APer%20non%20ricevere%20altri%20messaggi%3A%20rispondete%20%27rimuovi%27.,
Carrozzeria Autostrada snc,Parma PR,"Via Giorgio Gastaldi, 12, 43122 Parma PR",0521 607166,carrozzeriaautostradasnc@tin.it,SITO VECCHIO,"no HTTPS, non adatto al telefono, copyright 2013",88,https://mirondavide.com/autofficine/carrozzeria-autostrada-snc/,,mailto:carrozzeriaautostradasnc@tin.it?subject=Sito%20nuovo%20per%20Autostrada%20snc&body=Buongiorno%2C%0A%0Ami%20chiamo%20Davide%2C%20realizzo%20siti%20web%20per%20attivit%C3%A0%20locali.%0AHo%20preparato%20una%20versione%20pi%C3%B9%20moderna%20del%20sito%20per%20Autostrada%20snc.%0AEccolo%3A%20https%3A//mirondavide.com/autofficine/carrozzeria-autostrada-snc/%0A%0ALavoro%20da%20solo%20%E2%80%94%20niente%20agenzie.%20Il%20prezzo%20parte%20da%20%E2%82%AC500%20per%20una%20homepage%20completa%2C%20consegnata%20in%2072%20ore.%0A%0ASe%20vi%20interessa%2C%20possiamo%20sentirci%2010%20minuti%20%E2%80%94%20anche%20al%20telefono%20o%20passo%20di%20persona.%0A%0AUn%20saluto%2C%0ADavide%20%E2%80%94%20379%20210%206196%0A%0A---%0APer%20non%20ricevere%20altri%20messaggi%3A%20rispondete%20%27rimuovi%27.,
Autofficina Capelli,Parma PR,"Str. Montechiarugolo, 7/A, 43123 Parma PR",0521 643068,,SITO VECCHIO,no HTTPS,87,https://mirondavide.com/autofficine/autofficina-capelli/,,,
Carrozzeria Meli,Parma PR,"Strada Antonio Zarotto, 92, 43123 Parma PR",0521 487583,,SITO VECCHIO,"no HTTPS, non adatto al telefono",81,https://mirondavide.com/autofficine/carrozzeria-meli/,,,
Autofficina AZ,Parma PR,"via Ferdinando Bernini, 9/B, 43126 Parma PR",0521 995502,,SITO VECCHIO,non adatto al telefono,75,https://mirondavide.com/autofficine/autofficina-az/,,,
"Autofficina GB - Elettrauto, meccanico, gommista",Parma PR,"Via Giovanni Battistini, 9, 43122 Parma PR",0521 573059,,SITO VECCHIO,"no HTTPS, non adatto al telefono",67,https://mirondavide.com/autofficine/autofficina-gb-elettrauto-meccanico-gommista/,,,
Officina ziliani,Parma PR,"Strada Vicinale Rasori, 10/a, 43126 Parma PR",351 500 3789,bz.officina@gmail.com,SITO VECCHIO,no HTTPS,58,https://mirondavide.com/autofficine/officina-ziliani/,https://wa.me/393515003789?text=Buongiorno%2C%0A%0Ami%20chiamo%20Davide%2C%20realizzo%20siti%20web%20per%20attivit%C3%A0%20locali.%0AHo%20preparato%20una%20versione%20pi%C3%B9%20moderna%20del%20sito%20per%20ziliani.%0AEccolo%3A%20https%3A//mirondavide.com/autofficine/officina-ziliani/%0A%0ALavoro%20da%20solo%20%E2%80%94%20niente%20agenzie.%20Prezzo%20da%20%E2%82%AC500%2C%20consegna%20in%2072%20ore.%0A%0ASe%20vi%20interessa%2C%20possiamo%20sentirci%2010%20minuti%20%E2%80%94%20anche%20al%20telefono%20o%20passo%20di%20persona.%0A%0AUn%20saluto%2C%0ADavide%20%E2%80%94%20379%20210%206196,mailto:bz.officina@gmail.com?subject=Sito%20nuovo%20per%20ziliani&body=Buongiorno%2C%0A%0Ami%20chiamo%20Davide%2C%20realizzo%20siti%20web%20per%20attivit%C3%A0%20locali.%0AHo%20preparato%20una%20versione%20pi%C3%B9%20moderna%20del%20sito%20per%20ziliani.%0AEccolo%3A%20https%3A//mirondavide.com/autofficine/officina-ziliani/%0A%0ALavoro%20da%20solo%20%E2%80%94%20niente%20agenzie.%20Il%20prezzo%20parte%20da%20%E2%82%AC500%20per%20una%20homepage%20completa%2C%20consegnata%20in%2072%20ore.%0A%0ASe%20vi%20interessa%2C%20possiamo%20sentirci%2010%20minuti%20%E2%80%94%20anche%20al%20telefono%20o%20passo%20di%20persona.%0A%0AUn%20saluto%2C%0ADavide%20%E2%80%94%20379%20210%206196%0A%0A---%0APer%20non%20ricevere%20altri%20messaggi%3A%20rispondete%20%27rimuovi%27.,
Carrozzeria Reggiani,Parma PR,"Via Francesco Lasagna, 27, 43122 Parma PR",0521 780619,,SITO VECCHIO,no HTTPS,50,https://mirondavide.com/autofficine/carrozzeria-reggiani/,,,
Punto Car S.r.l.,Parma PR,"Via Giorgio Vasari, 2, 43126 Parma PR",0521 772627,,SITO VECCHIO,no HTTPS,45,https://mirondavide.com/autofficine/punto-car-s-r-l/,,,
Donati Gomme - Gruppo Magri,San Polo I PR,"Via del Lavoro, 3, 43056 San Polo I PR",0521 819177,info@gruppomagri.it,SITO VECCHIO,"no HTTPS, non adatto al telefono",44,https://mirondavide.com/autofficine/donati-gomme-gruppo-magri/,,mailto:info@gruppomagri.it?subject=Sito%20nuovo%20per%20Donati%20Gomme%20Gruppo&body=Buongiorno%2C%0A%0Ami%20chiamo%20Davide%2C%20realizzo%20siti%20web%20per%20attivit%C3%A0%20locali.%0AHo%20preparato%20una%20versione%20pi%C3%B9%20moderna%20del%20sito%20per%20Donati%20Gomme%20Gruppo.%0AEccolo%3A%20https%3A//mirondavide.com/autofficine/donati-gomme-gruppo-magri/%0A%0ALavoro%20da%20solo%20%E2%80%94%20niente%20agenzie.%20Il%20prezzo%20parte%20da%20%E2%82%AC500%20per%20una%20homepage%20completa%2C%20consegnata%20in%2072%20ore.%0A%0ASe%20vi%20interessa%2C%20possiamo%20sentirci%2010%20minuti%20%E2%80%94%20anche%20al%20telefono%20o%20passo%20di%20persona.%0A%0AUn%20saluto%2C%0ADavide%20%E2%80%94%20379%20210%206196%0A%0A---%0APer%20non%20ricevere%20altri%20messaggi%3A%20rispondete%20%27rimuovi%27.,
Point Service Autofficina Gastaldi Romildo,Monticelli Terme PR,"Via Montepelato Sud, 52, 43022 Monticelli Terme PR",0521 658164,info@autofficinagastaldi.it,SITO VECCHIO,no HTTPS,43,https://mirondavide.com/autofficine/point-service-autofficina-gastaldi-romildo/,,mailto:info@autofficinagastaldi.it?subject=Sito%20nuovo%20per%20Point%20Service%20Autofficina&body=Buongiorno%2C%0A%0Ami%20chiamo%20Davide%2C%20realizzo%20siti%20web%20per%20attivit%C3%A0%20locali.%0AHo%20preparato%20una%20versione%20pi%C3%B9%20moderna%20del%20sito%20per%20Point%20Service%20Autofficina.%0AEccolo%3A%20https%3A//mirondavide.com/autofficine/point-service-autofficina-gastaldi-romildo/%0A%0ALavoro%20da%20solo%20%E2%80%94%20niente%20agenzie.%20Il%20prezzo%20parte%20da%20%E2%82%AC500%20per%20una%20homepage%20completa%2C%20consegnata%20in%2072%20ore.%0A%0ASe%20vi%20interessa%2C%20possiamo%20sentirci%2010%20minuti%20%E2%80%94%20anche%20al%20telefono%20o%20passo%20di%20persona.%0A%0AUn%20saluto%2C%0ADavide%20%E2%80%94%20379%20210%206196%0A%0A---%0APer%20non%20ricevere%20altri%20messaggi%3A%20rispondete%20%27rimuovi%27.,
AutoCrew Parma Motors Service,Stradella PR,"Via Provinciale per Sala Baganza 7/b 43044, 43044 Stradella PR",0521 981163,info@pms-autofficina.it,SITO VECCHIO,no HTTPS,40,https://mirondavide.com/autofficine/autocrew-parma-motors-service/,,mailto:info@pms-autofficina.it?subject=Sito%20nuovo%20per%20AutoCrew%20Parma%20Motors&body=Buongiorno%2C%0A%0Ami%20chiamo%20Davide%2C%20realizzo%20siti%20web%20per%20attivit%C3%A0%20locali.%0AHo%20preparato%20una%20versione%20pi%C3%B9%20moderna%20del%20sito%20per%20AutoCrew%20Parma%20Motors.%0AEccolo%3A%20https%3A//mirondavide.com/autofficine/autocrew-parma-motors-service/%0A%0ALavoro%20da%20solo%20%E2%80%94%20niente%20agenzie.%20Il%20prezzo%20parte%20da%20%E2%82%AC500%20per%20una%20homepage%20completa%2C%20consegnata%20in%2072%20ore.%0A%0ASe%20vi%20interessa%2C%20possiamo%20sentirci%2010%20minuti%20%E2%80%94%20anche%20al%20telefono%20o%20passo%20di%20persona.%0A%0AUn%20saluto%2C%0ADavide%20%E2%80%94%20379%20210%206196%0A%0A---%0APer%20non%20ricevere%20altri%20messaggi%3A%20rispondete%20%27rimuovi%27.,
Carrozzeria Sprint Car Snc,Parma PR,"Str. Baganzola, 91, 43126 Parma PR",0521 985723,info@sprintcar.it,SITO VECCHIO,"non adatto al telefono, copyright 2013",32,https://mirondavide.com/autofficine/carrozzeria-sprint-car-snc/,,mailto:info@sprintcar.it?subject=Sito%20nuovo%20per%20Sprint%20Car%20Snc&body=Buongiorno%2C%0A%0Ami%20chiamo%20Davide%2C%20realizzo%20siti%20web%20per%20attivit%C3%A0%20locali.%0AHo%20preparato%20una%20versione%20pi%C3%B9%20moderna%20del%20sito%20per%20Sprint%20Car%20Snc.%0AEccolo%3A%20https%3A//mirondavide.com/autofficine/carrozzeria-sprint-car-snc/%0A%0ALavoro%20da%20solo%20%E2%80%94%20niente%20agenzie.%20Il%20prezzo%20parte%20da%20%E2%82%AC500%20per%20una%20homepage%20completa%2C%20consegnata%20in%2072%20ore.%0A%0ASe%20vi%20interessa%2C%20possiamo%20sentirci%2010%20minuti%20%E2%80%94%20anche%20al%20telefono%20o%20passo%20di%20persona.%0A%0AUn%20saluto%2C%0ADavide%20%E2%80%94%20379%20210%206196%0A%0A---%0APer%20non%20ricevere%20altri%20messaggi%3A%20rispondete%20%27rimuovi%27.,
Full Gas - Officina specializzata moto,Respiccio PR,"Str. la Costla, 3, 43045 Respiccio PR",0525 56375,,SITO VECCHIO,"no HTTPS, non adatto al telefono",31,https://mirondavide.com/autofficine/full-gas-officina-specializzata-moto/,,,
Centro Diesel S.r.l. | Officina Autorizzata IVECO | Parma,Parma PR,"Via Carra, 3, 43122 Parma PR",0521 772491,,SITO VECCHIO,"no HTTPS, non adatto al telefono",22,https://mirondavide.com/autofficine/centro-diesel-s-r-l-officina-autorizzata-iveco-par/,,,
MOTORTECNICA FC,Parma PR,"Via Primo Carnera, 19/a, 43122 Parma PR",0521 487664,motortecnica-fc@alice.it,SITO VECCHIO,"no HTTPS, non adatto al telefono",14,https://mirondavide.com/autofficine/motortecnica-fc/,,mailto:motortecnica-fc@alice.it?subject=Sito%20nuovo%20per%20MOTORTECNICA%20FC&body=Buongiorno%2C%0A%0Ami%20chiamo%20Davide%2C%20realizzo%20siti%20web%20per%20attivit%C3%A0%20locali.%0AHo%20preparato%20una%20versione%20pi%C3%B9%20moderna%20del%20sito%20per%20MOTORTECNICA%20FC.%0AEccolo%3A%20https%3A//mirondavide.com/autofficine/motortecnica-fc/%0A%0ALavoro%20da%20solo%20%E2%80%94%20niente%20agenzie.%20Il%20prezzo%20parte%20da%20%E2%82%AC500%20per%20una%20homepage%20completa%2C%20consegnata%20in%2072%20ore.%0A%0ASe%20vi%20interessa%2C%20possiamo%20sentirci%2010%20minuti%20%E2%80%94%20anche%20al%20telefono%20o%20passo%20di%20persona.%0A%0AUn%20saluto%2C%0ADavide%20%E2%80%94%20379%20210%206196%0A%0A---%0APer%20non%20ricevere%20altri%20messaggi%3A%20rispondete%20%27rimuovi%27.,
DimaCar Srl,Parma PR,"Via La Spezia, 214/b, 43125 Parma PR",0521 993133,info.dimacar@gmail.com,SITO VECCHIO,no HTTPS,12,https://mirondavide.com/autofficine/dimacar-srl/,,mailto:info.dimacar@gmail.com?subject=Sito%20nuovo%20per%20DimaCar%20Srl&body=Buongiorno%2C%0A%0Ami%20chiamo%20Davide%2C%20realizzo%20siti%20web%20per%20attivit%C3%A0%20locali.%0AHo%20preparato%20una%20versione%20pi%C3%B9%20moderna%20del%20sito%20per%20DimaCar%20Srl.%0AEccolo%3A%20https%3A//mirondavide.com/autofficine/dimacar-srl/%0A%0ALavoro%20da%20solo%20%E2%80%94%20niente%20agenzie.%20Il%20prezzo%20parte%20da%20%E2%82%AC500%20per%20una%20homepage%20completa%2C%20consegnata%20in%2072%20ore.%0A%0ASe%20vi%20interessa%2C%20possiamo%20sentirci%2010%20minuti%20%E2%80%94%20anche%20al%20telefono%20o%20passo%20di%20persona.%0A%0AUn%20saluto%2C%0ADavide%20%E2%80%94%20379%20210%206196%0A%0A---%0APer%20non%20ricevere%20altri%20messaggi%3A%20rispondete%20%27rimuovi%27.,
Filcar Service,Parma PR,"Str. Logheretto, 1, 43124 Parma PR",0521 272633,,SITO VECCHIO,no HTTPS,11,https://mirondavide.com/autofficine/filcar-service/,,,
Carrozzeria M.S. - Simone Malpeli,Parma PR,"Via Carra, 10, 43122 Parma PR",0521 798147,info@carrozzeriamsparma.it,SITO VECCHIO,no HTTPS,9,https://mirondavide.com/autofficine/carrozzeria-m-s-simone-malpeli/,,mailto:info@carrozzeriamsparma.it?subject=Sito%20nuovo%20per%20M.S.%20Simone%20Malpeli&body=Buongiorno%2C%0A%0Ami%20chiamo%20Davide%2C%20realizzo%20siti%20web%20per%20attivit%C3%A0%20locali.%0AHo%20preparato%20una%20versione%20pi%C3%B9%20moderna%20del%20sito%20per%20M.S.%20Simone%20Malpeli.%0AEccolo%3A%20https%3A//mirondavide.com/autofficine/carrozzeria-m-s-simone-malpeli/%0A%0ALavoro%20da%20solo%20%E2%80%94%20niente%20agenzie.%20Il%20prezzo%20parte%20da%20%E2%82%AC500%20per%20una%20homepage%20completa%2C%20consegnata%20in%2072%20ore.%0A%0ASe%20vi%20interessa%2C%20possiamo%20sentirci%2010%20minuti%20%E2%80%94%20anche%20al%20telefono%20o%20passo%20di%20persona.%0A%0AUn%20saluto%2C%0ADavide%20%E2%80%94%20379%20210%206196%0A%0A---%0APer%20non%20ricevere%20altri%20messaggi%3A%20rispondete%20%27rimuovi%27.,
AutoParma - Soccorso Stradale CarroAttrezzi,Parma PR,"Via Carra, 10, 43122 Parma PR",339 811 2181,,SITO VECCHIO,no HTTPS,9,https://mirondavide.com/autofficine/autoparma-soccorso-stradale-carroattrezzi/,https://wa.me/393398112181?text=Buongiorno%2C%0A%0Ami%20chiamo%20Davide%2C%20realizzo%20siti%20web%20per%20attivit%C3%A0%20locali.%0AHo%20preparato%20una%20versione%20pi%C3%B9%20moderna%20del%20sito%20per%20AutoParma%20Soccorso%20Stradale.%0AEccolo%3A%20https%3A//mirondavide.com/autofficine/autoparma-soccorso-stradale-carroattrezzi/%0A%0ALavoro%20da%20solo%20%E2%80%94%20niente%20agenzie.%20Prezzo%20da%20%E2%82%AC500%2C%20consegna%20in%2072%20ore.%0A%0ASe%20vi%20interessa%2C%20possiamo%20sentirci%2010%20minuti%20%E2%80%94%20anche%20al%20telefono%20o%20passo%20di%20persona.%0A%0AUn%20saluto%2C%0ADavide%20%E2%80%94%20379%20210%206196,,
CARROZZERIA PF-CAR,Parma PR,"Via Cremonese, 146, 43126 Parma PR",320 900 3034,pittella@carrozzeriapf-car.it,SITO VECCHIO,"no HTTPS, non adatto al telefono",6,https://mirondavide.com/autofficine/carrozzeria-pf-car/,https://wa.me/393209003034?text=Buongiorno%2C%0A%0Ami%20chiamo%20Davide%2C%20realizzo%20siti%20web%20per%20attivit%C3%A0%20locali.%0AHo%20preparato%20una%20versione%20pi%C3%B9%20moderna%20del%20sito%20per%20PF-CAR.%0AEccolo%3A%20https%3A//mirondavide.com/autofficine/carrozzeria-pf-car/%0A%0ALavoro%20da%20solo%20%E2%80%94%20niente%20agenzie.%20Prezzo%20da%20%E2%82%AC500%2C%20consegna%20in%2072%20ore.%0A%0ASe%20vi%20interessa%2C%20possiamo%20sentirci%2010%20minuti%20%E2%80%94%20anche%20al%20telefono%20o%20passo%20di%20persona.%0A%0AUn%20saluto%2C%0ADavide%20%E2%80%94%20379%20210%206196,mailto:pittella@carrozzeriapf-car.it?subject=Sito%20nuovo%20per%20PF-CAR&body=Buongiorno%2C%0A%0Ami%20chiamo%20Davide%2C%20realizzo%20siti%20web%20per%20attivit%C3%A0%20locali.%0AHo%20preparato%20una%20versione%20pi%C3%B9%20moderna%20del%20sito%20per%20PF-CAR.%0AEccolo%3A%20https%3A//mirondavide.com/autofficine/carrozzeria-pf-car/%0A%0ALavoro%20da%20solo%20%E2%80%94%20niente%20agenzie.%20Il%20prezzo%20parte%20da%20%E2%82%AC500%20per%20una%20homepage%20completa%2C%20consegnata%20in%2072%20ore.%0A%0ASe%20vi%20interessa%2C%20possiamo%20sentirci%2010%20minuti%20%E2%80%94%20anche%20al%20telefono%20o%20passo%20di%20persona.%0A%0AUn%20saluto%2C%0ADavide%20%E2%80%94%20379%20210%206196%0A%0A---%0APer%20non%20ricevere%20altri%20messaggi%3A%20rispondete%20%27rimuovi%27.,
Officina Meccanica Cirlini Michele,Lesignano de' Bagni PR,"Via Provinciale degli, Via Argini, 29, 43037 Lesignano de' Bagni PR",0521 851076,mcirlin@libero.it,SITO VECCHIO,no HTTPS,1,https://mirondavide.com/autofficine/officina-meccanica-cirlini-michele/,,mailto:mcirlin@libero.it?subject=Sito%20nuovo%20per%20Cirlini%20Michele&body=Buongiorno%2C%0A%0Ami%20chiamo%20Davide%2C%20realizzo%20siti%20web%20per%20attivit%C3%A0%20locali.%0AHo%20preparato%20una%20versione%20pi%C3%B9%20moderna%20del%20sito%20per%20Cirlini%20Michele.%0AEccolo%3A%20https%3A//mirondavide.com/autofficine/officina-meccanica-cirlini-michele/%0A%0ALavoro%20da%20solo%20%E2%80%94%20niente%20agenzie.%20Il%20prezzo%20parte%20da%20%E2%82%AC500%20per%20una%20homepage%20completa%2C%20consegnata%20in%2072%20ore.%0A%0ASe%20vi%20interessa%2C%20possiamo%20sentirci%2010%20minuti%20%E2%80%94%20anche%20al%20telefono%20o%20passo%20di%20persona.%0A%0AUn%20saluto%2C%0ADavide%20%E2%80%94%20379%20210%206196%0A%0A---%0APer%20non%20ricevere%20altri%20messaggi%3A%20rispondete%20%27rimuovi%27.,
Il Gommaio Parma,Parma PR,"Via Arandora Star, 34, 43122 Parma PR",329 325 7050,,SITO OK,sembra moderno,1639,,,,
Atik Gomme Parma,Parma PR,"Via S. Leonardo, 30/A, 43122 Parma PR",331 787 6780,,SITO OK,sembra moderno,426,,,,
O-Zone Car,Parma PR,"Via Giuseppe Botteri, 8/A, 43122 Parma PR",392 003 0386,,SITO OK,sembra moderno,247,,,,
ARIP SRL - Driver Center Pirelli Parma,Parma PR,"Via La Spezia, 212, 43126 Parma PR",0521 959038,,SITO OK,sembra moderno,207,,,,
Baruchelli Florio E Figli S.r.l.,Parma PR,"Via Cufra, 9, 43125 Parma PR",0521 982805,info@baruchelli.it,SITO OK,sembra moderno,184,,,,
"Abelli Gomme - Pirelli Driver, Arval Center, Soccorso 24h",Fornovo di Taro PR,"Via Armando Diaz, 4, 43045 Fornovo di Taro PR",392 986 0687,,SITO OK,sembra moderno,183,,,,
Carrozzeria Autoparma s.r.l.,Parma PR,"Via Cufra, 15/A, 43125 Parma PR",0521 983708,,SITO OK,sembra moderno,169,,,,
Star Holding srl - PuntoPro,Parma PR,"Via Giovanni Giolitti, 4/A, 43126 Parma PR",0521 981696,info@starholdingsrl.com,SITO OK,sembra moderno,161,,,,
Malpeli Antonio Carrozzeria Parma,Parma PR,"Via Carra, 7, 43122 Parma PR",0521 273249,,SITO OK,sembra moderno,137,,,,
Car Clinic,Parma PR,"Via Mantova, 89 a, 43122 Parma PR",0521 270710,,SITO OK,sembra moderno,132,,,,
Carrozzeria Aurora,Lemignano PR,"Str. Privata Commercio, 1, 43044 Lemignano PR",0521 648103,carr.aurora@libero.it,SITO OK,sembra moderno,126,,,,
Officina Bolzoni Srl Officina Iveco Autocarri - Bus,Parma PR,"Via Romeo Azzoni, 10, 43122 Parma PR",0521 985666,officina@officinabolzoni.it,SITO OK,sembra moderno,123,,,,
Eurogomme 2000 - Mastro Michelin,Parma PR,"Str. Baganzola, 9, 43126 Parma PR",0521 993676,,SITO OK,sembra moderno,119,,,,
Officina Targa Parma,Parma PR,"Via Montello, 22, 43122 Parma PR",0521 270035,flags@2x.png,SITO OK,sembra moderno,116,,,,
Centro First Stop Universal Pneus,Torrile PR,"Via Micheli, 2, 43056 Torrile PR",0521 819537,,SITO OK,sembra moderno,112,,,,
Il Gommaio San Prospero Parma,Parma PR,"Via Marco Emilio Lepido, 239, 43123 Parma PR",345 926 6307,,SITO OK,sembra moderno,109,,,,
Autoriparazioni - Elettrauto Giovanelli,Parma PR,"Strada Antonio Zarotto, 90/A, 43123 Parma PR",0521 487711,officinagiovanelli@gmail.com,SITO OK,sembra moderno,108,,,,
SPECIAL GOMME II,Traversetolo PR,"Via G. Picelli, 31, 43029 Traversetolo PR",389 825 6412,,SITO OK,sembra moderno,108,,,,
Centro Revisione Crocetta S.r.l,Parma PR,"Via Vittorio Emanuele Orlando, 21, 43126 Parma PR",0521 181 1495,,SITO OK,sembra moderno,104,,,,
BALESTRIERI & BONI sas - Driver Center Pirelli PARMA,Parma PR,"Via Emilia Est, 174/A, 43123 Parma PR",0521 244347,,SITO OK,sembra moderno,104,,,,
Carrozzeria F.B. | Soccorso Stradale,Parma PR,"Via Don Ferruccio Botti, 3/A, 43126 Parma PR",0521 672732,f.fusoni@virgilio.it,SITO OK,sembra moderno,97,,,,
Autoteam All Services Parma,Parma PR,"Via Giorgio Sonnino Sidney, 25/A, 43126 Parma PR",0521 940174,,SITO OK,sembra moderno,96,,,,
Officina Service Parma Gruppo Zatti,Parma PR,"Via Emilia Ovest, 107, 43126 Parma PR",0522 551582,,SITO OK,sembra moderno,91,,,,
Violi e Alfieri - Officina e Carrozzeria a Parma,Parma PR,"Via Cocconi Ildebrando, 9/A, 43122 Parma PR",370 305 7422,,SITO OK,sembra moderno,89,,,,
Autofficina Parma Est,Parma PR,"Piazza B. Lunardi, 35/A, 43122 Parma PR",0521 469027,auto.emiliaest@gmail.com,SITO OK,sembra moderno,83,,,,
Belli Gomme,Parma PR,"Via Bologna, 1, 43122 Parma PR",0521 783846,info@belligomme.pr.it,SITO OK,sembra moderno,82,,,,
Autofficina di Saccani Paolo,Trecasali PR,"Via Don Giuseppe Parma, 6, 43018 Trecasali PR",0521 878200,,SITO OK,sembra moderno,74,,,,
Carrozzeria Prati srl,Colorno PR,"Via Galileo Galilei, 6, 43052 Colorno PR",0521 814558,info@carrozzeriaprati.it,SITO OK,sembra moderno,74,,,,
Carrozzeria Davighi,Parma PR,"Via Achille Cantoni, 7/A, 43122 Parma PR",0521 271796,carrozzeria@autodavighi.it,SITO OK,sembra moderno,70,,,,
Revisione auto parma - Autoservice,Parma PR,"Via Emilio Usiglio, 2/A, 43121 Parma PR",0521 240683,%20ccautoservice@libero.it,SITO OK,sembra moderno,63,,,,
Autofficina Elettrauto Re,Parma PR,"Via Toscana, 62/A, 43123 Parma PR",0521 282965,elettrautore@virgilio.it,SITO OK,sembra moderno,60,,,,
Carrozzeria Bottazzi,Fontevivo PR,"Via Romitaggio, 18, 43010 Fontevivo PR",0521 619388,,SITO OK,sembra moderno,52,,,,
AUTOIN CARROZZERIA SNC,Parma PR,"Via Giorgio Sidney Sonnino, 9/a, 43126 Parma PR",0521 290913,,SITO OK,sembra moderno,42,,,,
Autoriparazioni Morini,Parma PR,"Via Ambrogio Ferrari, 5/a, 43125 Parma PR",0521 290757,autoripar.morini@libero.it,SITO OK,sembra moderno,40,,,,
Botteghino Car Service di Singh Jaskaran,Parma PR,"Via Giuditta Sidoli, 49/A, 43123 Parma PR",375 741 8322,,SITO OK,sembra moderno,34,,,,
Carrozzeria Car Color,Parma PR,"Via Raffaele, Via Raffaele Tagliani, 21/A, 43122 Parma PR",0521 242895,carcolorpr@libero.it,SITO OK,sembra moderno,32,,,,
Carrozzeria Boschi Agostini Ponzi,Parma PR,"Via Edgardo Minozzi, 4/A, 43122 Parma PR",0521 782968,,SITO OK,sembra moderno,31,,,,
Giordani Service,Parma PR,"Via N. Nadi, 1/A, 43122 Parma PR",0521 785803,,SITO OK,sembra moderno,31,,,,
Carrozzeria Esse,Parma PR,"Via Giuseppe Zanardelli, 14/A, 43126 Parma PR",0521 671537,,SITO OK,sembra moderno,17,,,,
Violi e Alfieri - Carrozzeria a Parma,Parma PR,"Via Giorgio Vasari, 2, 43126 Parma PR",377 881 1050,,SITO OK,sembra moderno,10,,,,
Autofficina Ferati,Parma PR,"Via Ermete Zacconi, 28, 43122 Parma PR",345 335 9598,,SITO OK,sembra moderno,7,,,,
Retroclassic Garage - Autofficina - Gommista,Parma PR,"Via Gandhi, 13A, 43126 Parma PR",347 062 7375,info@retroclassicgarage.it,SITO OK,sembra moderno,1,,,,
Antares Parma Carrozzeria,Parma PR,"Via Lavagna, 1a, 43126 Parma PR",0521 901613,antares@antaresparma.it,SITO OK,sembra moderno,0,,,,
Carrozzeria - Non Solo Grandine Srl - Sede Parma,Parma PR,"Via Benedetta, 87, 43122 Parma PR",0587 398190,fiorinda@uniqueweb.it,SITO OK,sembra moderno,0,,,,
